id,code,name,description,is_consumable,category_id,created_at,updated_at
1,FUR-KK,Kursi Kerja,Kursi kerja,False,1,2026-04-08 08:24:28.000,2026-04-08 08:24:28.000
2,FUR-MK,Meja Kerja,Warna abu-abu dan cream,False,1,2026-04-08 08:24:37.000,2026-04-08 08:24:37.000
3,FUR-LC,Laci Kerja,Warna cream dan abu-abu,False,1,2026-04-08 08:24:44.000,2026-04-08 08:24:44.000
4,FUR-LM,Lemari,Lemari dari thn 2011 - 2015,False,1,2026-04-08 08:24:57.000,2026-04-08 08:24:57.000
5,FUR-KP,Kursi Plastik,Kursi plastik warna cokelat,False,1,2026-04-08 08:25:03.000,2026-04-08 08:25:03.000
6,FUR-MB,Meja Bundar,,False,1,2026-04-08 08:25:10.000,2026-04-08 08:25:10.000
7,FUR-KT,Kursi Tamu,,False,1,2026-04-08 08:25:40.000,2026-04-08 08:25:40.000
8,FUR-MT,Meja Tamu,,False,1,2026-04-08 08:25:35.000,2026-04-08 08:25:35.000
9,ACC-AP,Apar,Apar,False,2,2026-04-08 08:25:46.000,2026-04-08 08:25:46.000
10,ACC-WB,Whiteboard,Ada di ruang direksi dan Sekar Jagad,False,2,2026-04-08 08:25:57.000,2026-04-08 08:25:57.000
11,ACC-FT,Foto-Foto,Foto departemen dan foto direksi,False,2,2026-04-08 08:26:01.000,2026-04-08 08:26:01.000
12,TLKM-TL,Telepon,Merk Panasonic,False,13,2026-04-08 08:26:06.000,2026-04-08 08:26:06.000
13,ACC-JAM,Jam Dinding,Merk Seiko,False,2,2026-04-08 08:26:11.000,2026-04-08 08:26:11.000
14,ACC-GL,Glassboard,Di ruang para Kadep dan PM,False,2,2026-04-08 08:26:18.000,2026-04-08 08:26:18.000
15,ACC-POT,Pot Tanaman,Berbagai model dan bentuk,False,2,2026-04-08 08:26:30.000,2026-04-08 08:26:30.000
16,ACC-TS,Tempat Sampah,Setiap ruangan,False,2,2026-04-08 08:26:36.000,2026-04-08 08:26:36.000
17,ACC-LS,Lukisan,Setiap ruangan,False,2,2026-04-08 08:26:40.000,2026-04-08 08:26:40.000
18,ACC-PH,Pengharum Ruangan,Merk Glant,False,2,2026-04-08 08:26:46.000,2026-04-08 08:26:46.000
19,ACC-P3K,Kotak P3k,Kotak,False,2,2026-04-08 08:26:51.000,2026-04-08 08:26:51.000
20,ACC-TK,Troli Kecil,,False,2,2026-04-08 08:26:56.000,2026-04-08 08:26:56.000
21,ACC-GE,Gerobak Etalase,,False,2,2026-04-08 08:27:02.000,2026-04-08 08:27:02.000
22,ACC-BT,Braket Tv Standing,,False,2,2025-11-18 11:44:07.000,2025-11-18 11:44:07.000
23,ACC-CM,Convex Miror,Cermin cembung 45cm,False,2,2026-04-08 08:27:08.000,2026-04-08 08:27:08.000
24,ACC-LAY,Layar,,False,2,2026-04-08 08:27:13.000,2026-04-08 08:27:13.000
25,ACC-RP,Rak Piring,,False,2,2026-04-08 08:27:18.000,2026-04-08 08:27:18.000
26,ACC-KA,Kipas Angin,,False,2,2026-04-08 08:27:23.000,2026-04-08 08:27:23.000
27,ACC-RS,Rak Sepatu,,False,2,2026-04-08 08:27:28.000,2026-04-08 08:27:28.000
28,ACC-TB,Troli Besar,,False,2,2026-04-08 08:27:32.000,2026-04-08 08:27:32.000
29,ACC-WTH,Water Heater,,False,2,2026-04-08 08:27:38.000,2026-04-08 08:27:38.000
30,ACC-PK,Pot Kecil,,False,2,2026-04-08 08:27:43.000,2026-04-08 08:27:43.000
31,ACC-TM,Tenis Meja,,False,2,2026-04-08 08:27:47.000,2026-04-08 08:27:47.000
32,ACC-TAP,Termos Air Panas,,False,2,2026-04-08 08:27:53.000,2026-04-08 08:27:53.000
33,ACC-DP,Dispenser,,False,2,2026-04-08 08:27:58.000,2026-04-08 08:27:58.000
34,ACC-KL,Karpet Lantai,,False,2,2026-04-08 08:28:03.000,2026-04-08 08:28:03.000
35,ACC-BRS,Brangkas,,False,2,2026-04-08 08:28:08.000,2026-04-08 08:28:08.000
36,ACC-TO,Tabung Oksigen,,False,2,2026-04-08 08:28:14.000,2026-04-08 08:28:14.000
37,ACC-STB,Storage Tool Box,,False,2,2026-04-08 08:28:25.000,2026-04-08 08:28:25.000
38,ACC-PC,Paper Cutter,,False,2,2026-04-08 08:28:37.000,2026-04-08 08:28:37.000
39,ACC-PS,Paper Shredder,,False,2,2025-05-26 14:30:47.000,2025-05-26 14:30:47.000
40,ACC-BL,Bor Listrik,,False,2,2026-04-08 08:29:06.000,2026-04-08 08:29:06.000
41,ACC-GR,Gerinda,,False,2,2026-04-08 08:29:11.000,2026-04-08 08:29:11.000
42,ACC-RB,Rak Brosur,,False,2,2026-04-08 08:29:16.000,2026-04-08 08:29:16.000
43,ACC-TI,Kotak Tissue,,False,2,2026-04-08 08:29:22.000,2026-04-08 08:29:22.000
44,ACC-KR,Koper,,False,2,2026-04-08 08:29:27.000,2026-04-08 08:29:27.000
45,ACC-FC,Flipchart,,False,2,2026-04-08 08:29:32.000,2026-04-08 08:29:32.000
46,ACC-AM,Alat Musik,,False,2,2026-04-08 08:29:38.000,2026-04-08 08:29:38.000
47,ACC-PD,Podium,,False,2,2026-04-08 08:29:43.000,2026-04-08 08:29:43.000
48,ACC-GPS,GPS,,False,2,2026-04-13 14:39:10.000,2026-04-13 14:39:10.000
49,ACC-DG,Tensimeter Digital,,False,2,2026-07-23 14:42:26.000,2026-07-23 14:42:26.000
50,ACC-PM,Perlengkapan Motor,,False,2,2026-07-29 13:58:13.000,2026-07-29 13:58:13.000
51,COMP-DESK,Desktop,,False,3,2026-04-08 08:29:48.000,2026-04-08 08:29:48.000
52,COMP-NB,Notebook,,False,3,2026-04-08 08:30:07.000,2026-04-08 08:30:07.000
53,COMP-SVR,Server,,False,3,2026-04-08 08:30:16.000,2026-04-08 08:30:16.000
54,COMP-WORK,Workstation,,False,3,2026-04-08 08:30:20.000,2026-04-08 08:30:20.000
55,MON-CRT,Tabung,,False,4,2026-04-08 08:32:21.000,2026-04-08 08:32:21.000
56,MON-LCD,LCD,,False,4,2026-04-08 08:32:26.000,2026-04-08 08:32:26.000
57,PERP-ACCS,Accesoris,,False,5,2026-04-08 08:32:51.000,2026-04-08 08:32:51.000
58,PERP-NETW,Network,,False,5,2026-04-08 08:32:56.000,2026-04-08 08:32:56.000
59,PERP-COMM,Communication,,False,5,2026-04-08 08:33:00.000,2026-04-08 08:33:00.000
60,PERP-MMD,Multimedia,,False,5,2026-04-08 08:33:05.000,2026-04-08 08:33:05.000
61,PERP-CAM,Camera,,False,5,2026-04-08 08:33:13.000,2026-04-08 08:33:13.000
62,PERP-ACCN,Access Control,,False,5,2026-04-08 08:33:17.000,2026-04-08 08:33:17.000
63,PERP-MEXT,Media External,,False,5,2026-04-08 08:33:26.000,2026-04-08 08:33:26.000
64,PERP-PROJ,Projector,,False,5,2016-12-19 13:42:52.963,2016-12-19 13:42:52.963
65,PERP-RAKS,Rak Server,,False,5,2016-12-19 13:44:06.947,2016-12-19 13:44:06.947
66,PERP-SCAN,Scanner,,False,5,2016-12-19 13:44:37.330,2016-12-19 13:44:37.330
67,PERP-SCRN,Screen Presentation,,False,5,2016-12-19 13:45:21.910,2016-12-19 13:45:21.910
68,PERP-UPS,UPS,,False,5,2016-12-19 13:46:35.137,2016-12-19 13:46:35.137
69,PERP-VGA,VGA,,False,5,2016-12-19 13:46:48.950,2016-12-19 13:46:48.950
70,PERP-STRG,Storage,,False,5,2022-12-09 10:24:05.000,2022-12-09 10:24:05.000
71,PRNT-INK,Inkjet,,False,6,2016-12-19 08:55:42.957,2016-12-19 08:55:42.957
72,PRNT-LJT,Laserjet,,False,6,2016-12-19 09:12:28.683,2016-12-19 09:12:28.683
73,PRNT-DOT,Dotmatrik,,False,6,2016-12-19 09:16:01.747,2016-12-19 09:16:01.747
74,PRNT-PLT,Plotter,,False,6,2016-12-19 09:18:28.347,2016-12-19 09:18:28.347
75,PRNT-MLT,Multifunction,,False,6,2016-12-19 09:32:30.590,2016-12-19 09:32:30.590
76,PRNT-IDC,Id Card,,False,6,2016-12-19 09:33:46.867,2016-12-19 09:33:46.867
77,SOFT-ENG,Engineering Software,,False,7,2016-12-19 13:49:37.140,2016-12-19 13:49:37.140
78,SOFT-GEN,General Software,,False,7,2016-12-19 13:50:06.807,2016-12-19 13:50:06.807
79,PROP-PRO,Property,,False,8,2023-06-15 09:34:11.000,2023-06-15 09:34:11.000
80,MES-GEN,Genset,,False,9,2025-02-07 08:57:11.000,2025-02-07 08:57:11.000
81,MES-PAN,Panel,,False,9,2025-02-07 08:56:34.000,2025-02-07 08:56:34.000
82,MES-RP,Rumah Pompa,,False,9,2025-02-07 08:56:47.000,2025-02-07 08:56:47.000
83,MES-LIF,Lift,,False,9,2025-02-07 08:57:02.000,2025-02-07 08:57:02.000
84,KEND-MO,Mobil,,False,10,2026-02-10 14:14:52.000,2026-02-10 14:14:52.000
85,ELEK-CS,Ceiling Speaker,,False,11,2025-02-06 10:47:48.000,2025-02-06 10:47:48.000
86,ELEK-TV,TV,,False,11,2025-02-06 10:48:04.000,2025-02-06 10:48:04.000
87,ELEK-SPE,Speaker,,False,11,2025-02-06 10:45:05.000,2025-02-06 10:45:05.000
88,ELEK-MPK,Mesin Penghancur Kopi,,False,11,2025-02-06 10:45:20.000,2025-02-06 10:45:20.000
89,ELEK-MK,Mesin Kopi,,False,11,2025-02-06 10:45:31.000,2025-02-06 10:45:31.000
90,ELEK-HD,Heat Detector,,False,11,2025-11-17 09:17:45.000,2025-11-17 09:17:45.000
91,ELEK-KUL,Kulkas,,False,11,2024-08-19 13:12:36.000,2024-08-19 13:12:36.000
92,ELEK-FVC,Fogging Volume Control,,False,11,2025-02-05 11:04:00.000,2025-02-05 11:04:00.000
93,ELEK-FCT,Fogging Control Toa,,False,11,2025-02-05 11:05:46.000,2025-02-05 11:05:46.000
94,ELEK-CCT,CCTV,,False,11,2025-02-06 10:46:37.000,2025-02-06 10:46:37.000
95,ELEK-SPR,Sprinkler,,False,11,2025-02-06 10:46:48.000,2025-02-06 10:46:48.000
96,ELEK-FR,Fingerprint Reader,,False,11,2025-02-06 10:46:06.000,2025-02-06 10:46:06.000
97,ELEK-SD,Smoke Detector,,False,11,2025-02-06 10:47:17.000,2025-02-06 10:47:17.000
98,ELEK-ATS,Alat Tester,Alat proyek,False,11,2025-09-09 10:56:51.000,2025-09-09 10:56:51.000
99,ELEK-MIC,Microwave,,False,11,2025-11-18 11:42:26.000,2025-11-18 11:42:26.000
100,ELEK-CP,Camera Pocket,,False,11,2025-12-10 17:25:22.000,2025-12-10 17:25:22.000
101,ELEK-TG,Topografi,,False,11,2026-03-12 09:40:51.000,2026-03-12 09:40:51.000
102,ELEK-MD,Multigas Detector,,False,11,2026-03-12 09:46:25.000,2026-03-12 09:46:25.000
103,PDGR-ACSP,AC Split,"Merk LG, Sharp dan Daikin",False,12,2025-01-30 10:09:39.000,2025-01-30 10:09:39.000
104,PDGR-AHU,AC AHU,AC conditioner,False,12,2025-01-30 10:07:25.000,2025-01-30 10:07:25.000
105,PDGR-ACS,AC Standing,Di ruang Sekar Jagad dan Tiga Negeri,False,12,2025-01-30 10:07:44.000,2025-01-30 10:07:44.000
106,PDGR-ACN,AC Central,,False,12,2025-01-30 10:08:13.000,2025-01-30 10:08:13.000
107,PDGR-ACP,AC Portable,,False,12,2025-02-05 13:39:44.000,2025-02-05 13:39:44.000
108,TLKM-FAX,Fax,,False,13,2026-04-08 08:33:09.000,2026-04-08 08:33:09.000
109,TLKM-HT,HT,,False,13,2025-02-06 10:47:01.000,2025-02-06 10:47:01.000
110,TLKM-SP,Smartphone,,False,13,2025-03-19 09:59:17.000,2025-03-19 09:59:17.000
