id,ams_asset_id,number,legacy_number,lot_id,subcategory_code,location_id,status,condition,price,image_url,ams_image_url,type,classification,burden,project_id,vendor_id,created_at,updated_at,specification
483,11791,04796-ACC-TI-CFS-PTRE-25,04796-ACC-TI-CFS-PTRE-25,88,ACC-TI,246,Tersedia,Bagus,0.0,inventory/ams/inventoryPhoto/1761634003tempat_tissue.jpeg,inventory/ams/assets/uploads/assetsre/ap/1761634003tempat_tissue.jpeg,LT,Aset,Corporate,,1,2025-11-18 08:56:52.000,2025-11-18 08:56:52.000,
484,11792,04797-ACC-TI-CFS-PTRE-25,04797-ACC-TI-CFS-PTRE-25,88,ACC-TI,111,Tersedia,Bagus,0.0,inventory/ams/inventoryPhoto/1761634051tempat_tissue.jpeg,inventory/ams/assets/uploads/assetsre/ap/1761634051tempat_tissue.jpeg,LT,Aset,Corporate,10780,1,2026-06-07 21:19:31.000,2026-06-07 21:19:31.000,
485,11793,04798-ACC-TI-CFS-PTRE-25,04798-ACC-TI-CFS-PTRE-25,88,ACC-TI,244,Tersedia,Bagus,0.0,inventory/ams/inventoryPhoto/1761634100tempat_tissue.jpeg,inventory/ams/assets/uploads/assetsre/ap/1761634100tempat_tissue.jpeg,LT,Aset,Corporate,,1,2025-11-18 08:56:07.000,2025-11-18 08:56:07.000,
486,11794,04799-ACC-TI-CFS-PTRE-25,04799-ACC-TI-CFS-PTRE-25,88,ACC-TI,111,Tidak Aktif,Bagus,0.0,inventory/ams/inventoryPhoto/1761634170tempat_tissue.jpeg,inventory/ams/assets/uploads/assetsre/ap/1761634170tempat_tissue.jpeg,LT,Aset,Corporate,10780,1,2026-06-07 21:22:58.000,2026-06-07 21:22:58.000,
487,11795,04800-ACC-TI-CFS-PTRE-25,04800-ACC-TI-CFS-PTRE-25,88,ACC-TI,183,Tersedia,Bagus,0.0,inventory/ams/inventoryPhoto/1761634227tempat_tissue.jpeg,inventory/ams/assets/uploads/assetsre/ap/1761634227tempat_tissue.jpeg,LT,Aset,Corporate,,1,2025-11-18 08:55:16.000,2025-11-18 08:55:16.000,
488,11796,04801-ACC-TI-CFS-PTRE-25,04801-ACC-TI-CFS-PTRE-25,88,ACC-TI,183,Tersedia,Bagus,0.0,inventory/ams/inventoryPhoto/1761634260tempat_tissue.jpeg,inventory/ams/assets/uploads/assetsre/ap/1761634260tempat_tissue.jpeg,LT,Aset,Corporate,,1,2025-11-18 08:54:58.000,2025-11-18 08:54:58.000,
489,11953,04802-ACC-TI-CFS-PTRE-24,04802-ACC-TI-CFS-PTRE-24,88,ACC-TI,151,Tersedia,Bagus,0.0,,,LT,Inventaris,Corporate,10780,1,2026-07-14 09:12:36.000,2026-07-14 09:12:36.000,
490,11954,04803-ACC-TI-CFS-PTRE-24,04803-ACC-TI-CFS-PTRE-24,88,ACC-TI,151,Tersedia,Bagus,0.0,,,LT,Inventaris,Corporate,10780,1,2026-07-14 09:12:30.000,2026-07-14 09:12:30.000,
491,11955,04804-ACC-TI-CFS-PTRE-24,04804-ACC-TI-CFS-PTRE-24,88,ACC-TI,151,Tersedia,Bagus,0.0,,,LT,Inventaris,Corporate,10780,1,2026-07-14 09:12:24.000,2026-07-14 09:12:24.000,
492,11956,04805-ACC-TI-CFS-PTRE-24,04805-ACC-TI-CFS-PTRE-24,88,ACC-TI,151,Tersedia,Bagus,0.0,,,LT,Inventaris,Corporate,10780,1,2026-07-14 09:11:24.000,2026-07-14 09:11:24.000,
493,11957,04806-ACC-TI-CFS-PTRE-24,04806-ACC-TI-CFS-PTRE-24,88,ACC-TI,151,Tersedia,Bagus,0.0,,,LT,Inventaris,Corporate,10780,1,2026-07-14 09:12:19.000,2026-07-14 09:12:19.000,
494,11958,04807-ACC-TI-CFS-PTRE-24,04807-ACC-TI-CFS-PTRE-24,88,ACC-TI,151,Tersedia,Bagus,0.0,,,LT,Inventaris,Corporate,10780,1,2026-07-14 09:12:12.000,2026-07-14 09:12:12.000,
495,11959,04808-ACC-TI-CFS-PTRE-24,04808-ACC-TI-CFS-PTRE-24,88,ACC-TI,151,Tersedia,Bagus,0.0,,,LT,Inventaris,Corporate,10780,1,2026-07-14 09:11:17.000,2026-07-14 09:11:17.000,
