id,ams_asset_id,number,legacy_number,subcategory_code,location_id,status,condition,price,image_url,ams_image_url,type,classification,burden,project_id,created_at,updated_at
205,9256,04461-ACC-KL-CFS-PTRE-24,04461-ACC-KL-CFS-PTRE-24,ACC-KL,161,Tidak Aktif,Bagus,0.0,inventory/ams/inventoryPhoto/1726628099KARPET_LANTAI.jpeg,inventory/ams/assets/uploads/assetsre/ap/1726628099KARPET_LANTAI.jpeg,LT,Aset,Corporate,10780,2025-11-18 16:48:15.000,2025-11-18 16:48:15.000
206,9258,04460-ACC-KL-CFS-PTRE-24,04460-ACC-KL-CFS-PTRE-24,ACC-KL,160,Tidak Aktif,Bagus,0.0,inventory/ams/inventoryPhoto/1726628092KARPET_LANTAI.jpeg,inventory/ams/assets/uploads/assetsre/ap/1726628092KARPET_LANTAI.jpeg,LT,Aset,Corporate,10780,2025-11-18 16:48:05.000,2025-11-18 16:48:05.000
207,9315,04459-ACC-KL-CFS-PTRE-24,04459-ACC-KL-CFS-PTRE-24,ACC-KL,147,Tidak Aktif,Bagus,0.0,inventory/ams/inventoryPhoto/1726628095KARPET_LANTAI.jpeg,inventory/ams/assets/uploads/assetsre/ap/1726628095KARPET_LANTAI.jpeg,LT,Aset,Corporate,10780,2025-11-18 16:44:06.000,2025-11-18 16:44:06.000
208,9411,04457-ACC-KL-CFS-PTRE-24,04457-ACC-KL-CFS-PTRE-24,ACC-KL,171,Tidak Aktif,Bagus,0.0,inventory/ams/inventoryPhoto/1726628090KARPET_LANTAI.jpeg,inventory/ams/assets/uploads/assetsre/ap/1726628090KARPET_LANTAI.jpeg,LT,Aset,Corporate,10780,2025-11-18 16:43:50.000,2025-11-18 16:43:50.000
209,9415,04458-ACC-KL-CFS-PTRE-24,04458-ACC-KL-CFS-PTRE-24,ACC-KL,172,Tidak Aktif,Bagus,0.0,inventory/ams/inventoryPhoto/1726628086KARPET_LANTAI.jpeg,inventory/ams/assets/uploads/assetsre/ap/1726628086KARPET_LANTAI.jpeg,LT,Aset,Corporate,10780,2025-11-18 16:43:32.000,2025-11-18 16:43:32.000
210,9432,04456-ACC-KL-CFS-PTRE-24,04456-ACC-KL-CFS-PTRE-24,ACC-KL,100,Tidak Aktif,Bagus,0.0,inventory/ams/inventoryPhoto/1726628084KARPET_LANTAI.jpeg,inventory/ams/assets/uploads/assetsre/ap/1726628084KARPET_LANTAI.jpeg,LT,Aset,Corporate,10780,2025-11-18 16:43:20.000,2025-11-18 16:43:20.000
211,9433,04455-ACC-KL-CFS-PTRE-24,04455-ACC-KL-CFS-PTRE-24,ACC-KL,101,Tidak Aktif,Bagus,0.0,inventory/ams/inventoryPhoto/1726628081KARPET_LANTAI.jpeg,inventory/ams/assets/uploads/assetsre/ap/1726628081KARPET_LANTAI.jpeg,LT,Aset,Corporate,10780,2025-11-18 16:43:00.000,2025-11-18 16:43:00.000
212,9454,04454-ACC-KL-CFS-PTRE-24,04454-ACC-KL-CFS-PTRE-24,ACC-KL,127,Tidak Aktif,Bagus,0.0,inventory/ams/inventoryPhoto/1726628078KARPET_LANTAI.jpeg,inventory/ams/assets/uploads/assetsre/ap/1726628078KARPET_LANTAI.jpeg,LT,Aset,Corporate,10780,2025-11-18 16:42:41.000,2025-11-18 16:42:41.000
213,9455,04453-ACC-KL-CFS-PTRE-24,04453-ACC-KL-CFS-PTRE-24,ACC-KL,128,Tidak Aktif,Bagus,0.0,inventory/ams/inventoryPhoto/1726628075KARPET_LANTAI.jpeg,inventory/ams/assets/uploads/assetsre/ap/1726628075KARPET_LANTAI.jpeg,LT,Aset,Corporate,10780,2025-11-18 16:42:27.000,2025-11-18 16:42:27.000
214,9461,04452-ACC-KL-CFS-PTRE-24,04452-ACC-KL-CFS-PTRE-24,ACC-KL,145,Tidak Aktif,Bagus,0.0,inventory/ams/inventoryPhoto/1726628072KARPET_LANTAI.jpeg,inventory/ams/assets/uploads/assetsre/ap/1726628072KARPET_LANTAI.jpeg,LT,Aset,Corporate,10780,2025-11-18 16:39:57.000,2025-11-18 16:39:57.000
215,9463,04451-ACC-KL-CFS-PTRE-24,04451-ACC-KL-CFS-PTRE-24,ACC-KL,146,Tidak Aktif,Bagus,0.0,inventory/ams/inventoryPhoto/1726628068KARPET_LANTAI.jpeg,inventory/ams/assets/uploads/assetsre/ap/1726628068KARPET_LANTAI.jpeg,LT,Aset,Corporate,10780,2025-11-18 16:39:33.000,2025-11-18 16:39:33.000
