"id","brand","description","create_date","create_owner"
1,"COMPAQ","","2016-12-21 09:17:47.923","302716"
2,"INFOKUS","NULL","2016-12-21 09:17:47.923","30716"
3,"3","208.100.0.117","2025-02-15 01:52:21.000","215050"
4,"YAMAHA","NULL","2016-12-21 09:17:47.923","30716"
5,"DLINK","NULL","2016-12-21 09:17:47.923","30716"
6,"Rakitan","NULL","2016-12-21 09:17:47.923","30716"
7,"DELL","NULL","2016-12-21 09:17:47.923","30716"
8,"TOSHIBA","NULL","2016-12-21 09:17:47.923","30716"
9,"FUJITSU","NULL","2016-12-21 09:17:47.923","30716"
10,"HP","NULL","2016-12-21 09:17:47.923","30716"
11,"NEO","NULL","2016-12-21 09:17:47.923","30716"
12,"EPSON","NULL","2016-12-21 09:17:47.923","30716"
13,"3COM","NULL","2016-12-21 09:17:47.923","30716"
14,"Philips","NULL","2016-12-21 09:17:47.923","30716"
15,"BOSE","NULL","2016-12-21 09:17:47.923","30716"
16,"SONY","NULL","2016-12-21 09:17:47.923","30716"
17,"XEROX","NULL","2016-12-21 09:17:47.923","30716"
18,"FINGERPRINT M100","NULL","2016-12-21 09:17:47.923","30716"
19,"CANON","NULL","2016-12-21 09:17:47.923","30716"
20,"ALTEC LANSING","NULL","2016-12-21 09:17:47.923","30716"
21,"NEC","NULL","2016-12-21 09:17:47.923","30716"
22,"AVERMEDIA","NULL","2016-12-21 09:17:47.923","30716"
23,"PANABOARD","NULL","2016-12-21 09:17:47.923","30716"
24,"PLEXTOR","NULL","2016-12-21 09:17:47.923","30716"
25,"MICROSOFT","NULL","2016-12-21 09:17:47.923","30716"
26,"AUTODESK","NULL","2016-12-21 09:17:47.923","30716"
27,"THECUS","NULL","2016-12-21 09:17:47.923","30716"
28,"PANASONIC","NULL","2016-12-21 09:17:47.923","30716"
29,"INTISAR","NULL","2016-12-21 09:17:47.923","30716"
30,"ACER","NULL","2016-12-21 09:17:47.923","30716"
31,"TEKLA","NULL","2016-12-21 09:17:47.923","30716"
32,"Samsung","NULL","2016-12-21 09:17:47.923","30716"
33,"LG","NULL","2016-12-21 09:17:47.923","30716"
34,"MSI","NULL","2016-12-21 09:17:47.923","30716"
35,"ETAP","NULL","2016-12-21 09:17:47.923","30716"
36,"BENTLEY","NULL","2016-12-21 09:17:47.923","30716"
37,"CAESAR","NULL","2016-12-21 09:17:47.923","30716"
38,"ADOBE","NULL","2016-12-21 09:17:47.923","30716"
39,"KASPERSKY","NULL","2016-12-21 09:17:47.923","30716"
40,"AVEVA","NULL","2016-12-21 09:17:47.923","30716"
41,"PRIMAVERA","NULL","2016-12-21 09:17:47.923","30716"
42,"PROLINK","NULL","2016-12-21 09:17:47.923","30716"
43,"GTC","NULL","2016-12-21 09:17:47.923","30716"
44,"VOXDE","NULL","2016-12-21 09:17:47.923","30716"
45,"TARGUS","NULL","2016-12-21 09:17:47.923","30716"
46,"AFES","NULL","2016-12-21 09:17:47.923","30716"
47,"BUFALLO","NULL","2016-12-21 09:17:47.923","30716"
48,"NVIDIA","NULL","2016-12-21 09:17:47.923","30716"
49,"SUNIX","NULL","2016-12-21 09:17:47.923","30716"
50,"LENOVO","NULL","2016-12-21 09:17:47.923","30716"
51,"MIKROTIK","NULL","2016-12-21 09:17:47.923","30716"
52,"LINKSYS","NULL","2016-12-21 09:17:47.923","30716"
53,"ASUS","NULL","2016-12-21 09:17:47.923","30716"
54,"Datacard","NULL","2016-12-21 09:17:47.923","30716"
55,"Apple","NULL","2016-12-21 09:17:47.923","30716"
56,"CHINA","NULL","2016-12-21 09:17:47.923","30716"
57,"Cisco","NULL","2016-12-21 09:17:47.923","30716"
58,"BOSCH","NULL","2016-12-21 09:17:47.923","30716"
59,"TOA","NULL","2016-12-21 09:17:47.923","30716"
60,"KREZT","NULL","2016-12-21 09:17:47.923","30716"
61,"Hitachi","NULL","2016-12-21 09:17:47.923","30716"
62,"SIEMENS","NULL","2016-12-21 09:17:47.923","30716"
63,"CARRIER","NULL","2016-12-21 09:17:47.923","30716"
64,"INTERGRAPH","NULL","2016-12-21 09:17:47.923","30716"
65,"CODEWARE","NULL","2016-12-21 09:17:47.923","30716"
66,"GULP","NULL","2016-12-21 09:17:47.923","30716"
67,"ACROBAT PRO","NULL","2016-12-21 09:17:47.923","30716"
68,"BENQ","NULL","2016-12-21 09:17:47.923","30716"
69,"Krisbow","NULL","2016-12-21 09:17:47.923","30716"
70,"IBM","NULL","2016-12-21 09:17:47.923","30716"
71,"FORTUNE","NULL","2016-12-21 09:17:47.923","30716"
72,"Leadtek","NULL","2016-12-21 09:17:47.923","30716"
73,"Google","NULL","2016-12-21 09:17:47.923","30716"
74,"Lumion","NULL","2016-12-21 09:17:47.923","30716"
75,"QNAP","NULL","2016-12-21 09:17:47.923","30716"
78,"TEST","TESTA","2018-03-21 11:03:52.000","302716"
1078,"LOGITECH","","2018-04-26 09:57:48.000","053573"
1079,"POLYCOM","","2018-04-26 09:58:13.000","053573"
1080,"UBIQUITI","","2018-04-26 13:49:28.000","302716"
1081,"TPLINK","","2018-04-26 13:49:39.000","302716"
2082,"HIKVISION","DVR & CCTV","2020-05-20 19:32:29.000","053573"
2083,"UNO","Meja Kerja","2020-10-01 11:46:58.000","130090"
2084,"SAVELLO","Kursi Jaring","2020-10-02 09:20:51.000","130090"
2085,"RIVERA","KURSI HITAM","2020-10-05 13:18:31.000","130090"
2086,"PONGS HOME","TEMPAT SAMPAH","2020-10-05 14:59:42.000","130090"
2087,"SEIKO","JAM DINDING","2020-10-05 15:40:30.000","130090"
2088,"FUTURA","MEJA LIPAT","2020-10-05 15:54:26.000","130090"
2089,"MODERA","LEMARI","2020-10-05 16:09:00.000","130090"
2090,"DAIKIN","AC","2022-07-01 13:29:08.000","130090"
3083,"SEAGATE","Storage, HDD, SSD","2022-08-25 09:00:44.000","053573"
3084,"Western Digital","HDD, NAS, External HDD, Storage, SSD","2022-12-30 10:30:19.000","053573"
3085,"APC","UPS, Rak Server","2023-03-30 11:42:09.000","053573"
3086,"Aux","Ac Portable","2023-06-14 14:03:19.000","130090"
3087,"SHARP","Ac Split","2023-06-14 14:38:38.000","130090"
3088,"Building","Gedung","2023-06-19 14:37:01.000","194829"
3090,"MCQUAY","Ac AHU","2023-06-16 10:24:47.000","130090"
3091,"DJI","Drone, Gimbal & Camera","2023-06-21 14:57:08.000","053573"
3092,"Go Pro","Action Camera","2023-10-04 18:19:24.000","053573"
3093,"AKASO","Action Camera","2023-10-27 14:20:10.000","053573"
3094,"Neotez","Monitor LED","2023-10-27 14:21:27.000","053573"
3095,"XIAOMI","Monitor, Gadget","2023-12-27 14:48:12.000","053573"
3096,"TOPCON","","2024-02-01 14:57:44.000","130090"
3097,"Viewsonic","Projector, LCD,LED Monitor","2024-02-12 10:18:21.000","053573"
3098,"DRY CONTAINER","Tempat Kerja RTU","2024-02-13 14:58:08.000","130090"
3099,"CUSTOM","Rakitan dan Pembuatan Manual","2024-02-13 15:03:26.000","130090"
3100,"RENDEZ","SCAFFOLDING","2024-02-13 15:09:01.000","130090"
3101,"EPY Industri","Pembuatan Las dll","2024-02-13 15:13:14.000","130090"
3102,"CUMINS","Gengset","2024-02-13 15:18:09.000","130090"
3103,"JAP ENERGIA","PLTS","2024-02-13 17:53:13.000","130090"
3104,"SANKEN","Dispenser","2024-02-28 14:49:42.000","130090"
3105,"DENPOO","Dispenser","2024-02-28 14:50:05.000","130090"
3106,"CLINTON","Kursi Bar","2024-03-12 13:55:28.000","130090"
3107,"ONLINE","shofee, tokopedia, buka lapak dll","2024-03-12 14:04:33.000","130090"
3108,"Ferrarti Ferro","Mesin Kopi","2024-03-12 14:36:49.000","130090"
3109,"HILLSTONE","Firewall","2024-03-12 21:11:36.000","053573"
3110,"Fortigate","Firewall","2024-03-12 21:11:56.000","053573"
3111,"TOA CORPORATION","SPEAKER GEDUNG","2024-03-20 13:56:41.000","130090"
3112,"HONG CHANG ","HEAT DETECTOR","2024-03-20 13:57:33.000","130090"
3113,"APPRON","Apar","2024-03-21 13:10:21.000","130090"
3114,"FIREX","APAR","2024-03-21 14:11:14.000","130090"
3115,"VGEN","RAM, SSD, Micro SD, FLASHDISK","2024-03-26 14:22:36.000","053573"
3116,"ASENWARE","SMOKE DETECTOR","2024-03-28 09:25:08.000","130090"
3117,"Daya Kurnia","Glasboard","2024-04-05 09:51:36.000","130090"
3118,"FULTURA","Meja Lipat 200 x 80","2024-04-18 11:29:33.000","130090"
3119,"MAXIMA","Mesin Blower","2024-04-18 11:30:47.000","130090"
3120,"JBL","Speaker","2024-04-18 11:56:01.000","130090"
3121,"SAMSON","Speaker","2024-04-18 11:56:25.000","130090"
3122,"ROLAND","Speaker Aktif","2024-04-19 09:16:01.000","130090"
3123,"BOSS","Spiker Aktif","2024-04-19 09:16:35.000","130090"
3124,"MAXIMUM","Spiker Aktif","2024-04-19 09:17:10.000","130090"
3125,"ARCHIGRAMMA","Sofa Kulit","2024-04-19 15:47:42.000","130090"
3126,"GLADE","Pengarum ruangan","2024-04-19 16:39:14.000","130090"
3127,"Onemed","Kotak P3k","2024-05-02 14:05:45.000","130090"
3128,"DIY","Alat2 rumah tangga","2024-05-08 18:20:49.000","130090"
3129,"NOBRAND","","2024-07-25 14:27:55.000","140133"
3130,"NITGEN","","2024-07-25 16:31:22.000","140133"
3131,"Lion Star","","2024-07-26 09:10:13.000","140133"
3132,"SOLIS","","2024-07-26 09:18:10.000","140133"
3133,"STELLA","","2024-07-26 10:38:24.000","140133"
3134,"BROTHER","Kursi","2024-07-26 10:52:56.000","140133"
3135,"KRIS","","2024-07-26 10:53:09.000","140133"
3136,"SAKEN","","2024-07-26 10:53:20.000","140133"
3137,"Syly Art","","2024-07-29 10:53:53.000","140133"
3138,"Chairman","","2024-07-29 11:08:43.000","140133"
3139,"Agram","","2024-07-29 16:44:35.000","140133"
3140,"Solution","","2024-07-29 16:52:42.000","140133"
3141,"SEKAI","","2024-07-29 17:02:14.000","140133"
3142,"MORELLI","","2024-07-29 17:10:36.000","140133"
3143,"Trendy","","2024-07-30 15:12:59.000","140133"
3144,"MIYAKO","","2024-07-31 13:32:41.000","140133"
3145,"MASPION","","2024-07-31 13:33:09.000","140133"
3146,"ARISTON","","2024-08-01 09:34:04.000","140133"
3147,"HONEYWELL","","2024-08-01 10:51:43.000","140133"
3148,"NASIONAL","","2025-02-15 01:52:51.000","215050"
3149,"SHINPO","208.100.0.117","2025-02-15 01:52:47.000","215050"
3150,"SONIC","","2024-08-02 08:59:02.000","140133"
3151,"WEIERWEI","","2024-08-20 09:28:17.000","140133"
3152,"LANEY","","2024-08-23 14:22:32.000","140133"
3153,"BEHRINGER","","2024-08-23 14:23:56.000","140133"
3154,"Sandisk","storage, microsd, Flashdisk","2024-09-24 09:33:36.000","053573"
3155,"COSMOS","","2024-09-30 15:41:18.000","140133"
3156,"3","208.100.0.117","2025-02-14 16:50:31.000","215050"
3157,"SMART EX03","","2025-03-19 09:57:47.000","140133"
3158,"INCO","","2025-04-11 10:50:55.000","140133"
3159,"LCEX S03","","2025-04-22 09:51:31.000","140133"
3160,"TAFFGUARD","","2025-04-24 15:25:09.000","140133"
3161,"MITSUBISHI","Mobil Kendaraan, Pajero","2025-05-06 11:25:46.000","130090"
3162,"SECURE","Mesin Penghancur Kertas","2025-05-26 14:28:15.000","140133"
3163,"MODERN","Alat Bor","2025-07-10 11:15:22.000","130090"
3164,"MAKTEC","Alat Bor","2025-07-10 11:15:44.000","130090"
3165,"KYUHO","","2025-07-10 11:16:25.000","130090"
3166,"KYORITSU","Alat Tester","2025-09-09 10:50:41.000","130090"
3167,"AOKI","Senter","2025-09-09 10:51:22.000","130090"
3168,"IRONHOOF","UNTUK NGECAT","2025-09-09 10:52:06.000","130090"
3169,"NORTHBAYOU","","2025-10-14 14:04:43.000","130090"
3170,"COOCAA","TV","2025-10-16 08:35:01.000","130090"
3171,"STORA","","2025-10-28 13:30:10.000","130090"
3172,"CONDOTTI","","2025-12-04 17:07:42.000","255578"
3173,"GM","","2025-12-04 17:18:20.000","255578"
3174,"PAJERO","Mobil","2026-02-10 14:13:47.000","255578"
3175,"PARGO","","2026-03-12 11:49:11.000","255578"
3176,"INDACHI","","2026-03-12 11:54:21.000","255578"
3177,"BJI","","2026-04-13 14:35:26.000","255578"
3178,"ORICO","","2026-05-19 16:27:38.000","225164"
3179,"NIKON","","2026-06-04 18:36:06.000","255578"
3180,"OMRON","","2026-07-23 14:42:37.000","255578"
3181,"JS","Helm motor","2026-07-29 13:59:24.000","255578"
3182,"ASV","Jas Hujan","2026-07-29 15:27:50.000","255578"
