id,code,name,created_at,updated_at
1,FUR,Furniture,2018-04-05 19:22:48,2018-04-05 19:22:48
2,ACC,Aksesoris,2016-12-08 14:32:30,2016-12-08 14:32:30
3,COMP,Computer,2016-12-16 10:11:55,2016-12-16 10:11:55
4,MON,Monitor,2016-12-16 10:12:31,2016-12-16 10:12:31
5,PERP,Peripheral,2016-12-16 10:13:22,2016-12-16 10:13:22
6,PRNT,Printer,2016-12-16 10:14:53,2016-12-16 10:14:53
7,SOFT,Software,2016-12-16 10:15:22,2016-12-16 10:15:22
8,PROP,Properti & Gedung,2022-07-01 13:28:04,2022-07-01 13:28:04
9,MES,Mesin,2017-01-05 17:29:43,2017-01-05 17:29:43
10,KEND,Kendaraan,2023-06-13 14:02:32,2023-06-13 14:02:32
11,ELEK,Elektronik,2023-06-13 14:01:35,2023-06-13 14:01:35
12,PDGR,Pendingin Ruangan,2025-02-05 13:38:52,2025-02-05 13:38:52
13,TLKM,Telekomunikasi,2025-02-06 10:47:01.000,2025-02-06 10:47:01.000
