id,number,barang_id,organizer_id,vendor_id,legacy_vendor_id,location_id,initial_quantity,current_quantity,po_number,date_of_receipt,unit_price,image_url,burden,project_id,created_at,updated_at
3,LOT-0001-26-ACC-AP-0001,3,1,,,,,,,2026-10-08 11:55:17.000,,inventory/ams/inventoryPhoto/171100878614.jpeg,,,2026-10-08 11:55:17.000,2026-10-08 11:55:17.000
4,LOT-0001-26-ACC-AP-0002,4,1,,,,,,,2026-10-08 11:55:17.000,,inventory/ams/inventoryPhoto/171100872613.jpeg,,,2026-10-08 11:55:17.000,2026-10-08 11:55:17.000
5,LOT-0001-26-ACC-AP-0003,5,1,,,,,,,2026-10-08 11:55:17.000,,inventory/ams/inventoryPhoto/1711005175WhatsApp_Image_2024-03-21_at_08_56_51.jpeg,,,2026-10-08 11:55:17.000,2026-10-08 11:55:17.000
6,LOT-0001-26-ACC-AP-0004,6,1,,,,,,,2026-10-08 11:55:17.000,,inventory/ams/inventoryPhoto/1711004910WhatsApp_Image_2024-03-21_at_08_56_00.jpeg,,,2026-10-08 11:55:17.000,2026-10-08 11:55:17.000
7,LOT-0001-26-ACC-AP-0005,7,1,,,,,,,2026-10-08 11:55:17.000,,inventory/ams/inventoryPhoto/171100478232.jpeg,,,2026-10-08 11:55:17.000,2026-10-08 11:55:17.000
8,LOT-0001-26-ACC-AP-0006,8,1,,,,,,,2026-10-08 11:55:17.000,,inventory/ams/inventoryPhoto/171100473227.jpeg,,,2026-10-08 11:55:17.000,2026-10-08 11:55:17.000
9,LOT-0001-26-ACC-AP-0007,9,1,,,,,,,2026-10-08 11:55:17.000,,inventory/ams/inventoryPhoto/171100452022.jpeg,,,2026-10-08 11:55:17.000,2026-10-08 11:55:17.000
10,LOT-0001-26-ACC-AP-0008,10,1,,,,,,,2026-10-08 11:55:17.000,,inventory/ams/inventoryPhoto/171152129621.jpeg,,,2026-10-08 11:55:17.000,2026-10-08 11:55:17.000
11,LOT-0001-26-ACC-AP-0009,11,1,,,,,,,2026-10-08 11:55:17.000,,inventory/ams/inventoryPhoto/171152167728.jpeg,,,2026-10-08 11:55:17.000,2026-10-08 11:55:17.000
12,LOT-0001-26-ACC-AP-0010,12,1,,,,,,,2026-10-08 11:55:17.000,,inventory/ams/inventoryPhoto/171152186629.jpeg,,,2026-10-08 11:55:17.000,2026-10-08 11:55:17.000
13,LOT-0001-26-ACC-AP-0011,13,1,,,,,,,2026-10-08 11:55:17.000,,inventory/ams/inventoryPhoto/1715162161WhatsApp_Image_2024-05-08_at_16_29_10.jpeg,,,2026-10-08 11:55:17.000,2026-10-08 11:55:17.000
14,LOT-0001-26-ACC-AP-0012,14,1,,,,,,,2026-10-08 11:55:17.000,,,,,2026-10-08 11:55:17.000,2026-10-08 11:55:17.000
