id,number,subcategory_id,brand_id,uom_id,name,specification,min_stock_threshold,image_url,last_restock_at,created_at,updated_at
572,COMP-WORK-0001,53,9,1,HP Z400,"XEON 5606 2,3 GHZ , RAM 6 GB, HD500 GB, 140016 QUADRO 600 , TOWER FACTOR",,,,2017-01-04 00:00:00.000,2023-04-10 07:07:11.000
573,COMP-WORK-0002,53,9,1,HP Workstation Z 420,"Xeon E- 5- 1620, 16 GB, 500 GB, Q 4000, Tower",,,,2017-01-04 00:00:00.000,2024-12-27 09:54:12.000
574,COMP-WORK-0003,53,9,1,HP Workstation Z 420,"Xeon E- 5- 1620, 16 GB, 500 GB, Q 600, Tower",,,,2017-01-04 00:00:00.000,2024-05-21 14:51:08.000
575,COMP-WORK-0004,53,6,1,Dell Precision Tower 7810,"Xeon,16GB,1TB Tower",,,,2017-01-04 00:00:00.000,2024-04-16 16:14:07.000
576,COMP-WORK-0005,53,9,1,HP Workstation Z 640,"Xeon,16GB,1TB Tower",,,,2017-01-04 00:00:00.000,2017-01-04 00:00:00.000
577,COMP-WORK-0006,53,9,1,HP Workstation Z230,"Core I7, 32GB RAM, Geforce GTX980 4GB",,,,2024-03-12 08:04:16.000,2024-03-12 08:04:16.000
578,COMP-WORK-0007,53,9,1,HP Z6 G4 Workstation,Intel Xeon R Silver 4112 CPU 2.6Ghz 256 GB SSD dema wika Piping JTB rekind,,,,2026-04-28 14:54:08.000,2026-04-28 14:54:08.000
579,COMP-WORK-0008,53,9,1,HP Z6 G4 Workstation,Intel Xeon R Silver 4112 CPU 2.6Ghz 256 GB SSD,,,,2024-01-22 16:05:41.000,2024-01-22 16:05:41.000
580,COMP-WORK-0009,53,6,1,HP Z6 G4 Workstation,Intel Xeon R Silver 4112 CPU 2.6Ghz 256 GB SSD,,,,2024-01-22 16:07:19.000,2024-01-22 16:07:19.000
