id,po_ref,code,name,organizer,brand,spesifikasi,value,location,umur_ekonomis,pembebanan,project_no,category,vendor,rent_type,kondisi,peminjaman,peminjaman_owner,peminjaman_token,peminjaman_start,create_owner,create_date,deletion,deletion_owner,deletion_date,buy_date,sample_photo,thumbnail,patch,assets_or_inventaris,status,duplicated_number
101,,00101-ACC-POT-CFS-PTRE-14,Pot Tanaman,CFS,NOBRAND,Warna Coklat,0,101015,0,0,NULL,110007,80,LT,0,0,NULL,NULL,NULL,140133,2024-09-19 10:08:08.000,0,NULL,NULL,2018-03-15,1726715288POT_TANAMAN.jpeg,1726715288POT_TANAMAN_thumb.jpeg,/assets/uploads/assetsre/ap/,0,0,
102,,00102-ACC-POT-CFS-PTRE-14,Pot Tanaman,CFS,NOBRAND,Warna Coklat,0,101015,0,0,NULL,110007,80,LT,0,0,NULL,NULL,NULL,140133,2024-09-19 10:08:10.000,0,NULL,NULL,2018-03-15,1726715290POT_TANAMAN.jpeg,1726715290POT_TANAMAN_thumb.jpeg,/assets/uploads/assetsre/ap/,0,0,
103,,00103-ACC-POT-CFS-PTRE-14,Pot Tanaman,CFS,NOBRAND,Warna Coklat,0,101015,0,0,NULL,110007,9,LT,0,0,NULL,NULL,NULL,140133,2024-07-25 14:15:55.000,0,NULL,NULL,2018-03-15,NULL,NULL,NULL,0,1,
104,,00104-ACC-POT-CFS-PTRE-14,Pot Tanaman,CFS,NOBRAND,Warna Coklat,0,101015,0,0,NULL,110007,9,LT,0,0,NULL,NULL,NULL,140133,2024-07-25 14:15:44.000,0,NULL,NULL,2018-03-15,NULL,NULL,NULL,0,1,
105,,00105-ACC-POT-CFS-PTRE-14,Pot Tanaman,CFS,NOBRAND,Warna Coklat,0,101015,0,0,NULL,110007,9,LT,0,0,NULL,NULL,NULL,140133,2024-07-25 14:16:04.000,0,NULL,NULL,2018-03-15,NULL,NULL,NULL,0,1,
686,,00686-ACC-POT-CFS-PTRE-12,Pot Tanaman,CFS,NOBRAND,,0,102001,0,0,NULL,110007,9,LT,0,0,NULL,NULL,NULL,140133,2024-07-29 16:38:48.000,0,NULL,NULL,2018-03-15,NULL,NULL,NULL,0,1,
687,,00687-ACC-POT-CFS-PTRE-12,Pot Tanaman,CFS,NOBRAND,,0,102001,0,0,NULL,110007,9,LT,0,0,NULL,NULL,NULL,140133,2024-07-29 16:38:14.000,0,NULL,NULL,2018-03-15,NULL,NULL,NULL,0,1,
688,,00688-ACC-POT-CFS-PTRE-12,Pot Tanaman,CFS,NOBRAND,,0,102001,0,0,NULL,110007,9,LT,0,0,NULL,NULL,NULL,140133,2024-07-29 16:38:22.000,0,NULL,NULL,2018-03-15,NULL,NULL,NULL,0,1,
690,,00690-ACC-POT-CFS-PTRE-12,Pot Tanaman,CFS,NOBRAND,,0,102002,0,0,NULL,110007,80,LT,0,0,NULL,NULL,NULL,140133,2024-09-19 10:08:13.000,0,NULL,NULL,2018-03-15,1726715293POT_TANAMAN.jpeg,1726715293POT_TANAMAN_thumb.jpeg,/assets/uploads/assetsre/ap/,0,0,
691,,00691-ACC-POT-CFS-PTRE-12,Pot Tanaman,CFS,NOBRAND,,0,102002,0,0,NULL,110007,80,LT,0,0,NULL,NULL,NULL,140133,2024-09-19 10:07:47.000,0,NULL,NULL,2018-03-15,1726715267POT_TANAMAN.jpeg,1726715267POT_TANAMAN_thumb.jpeg,/assets/uploads/assetsre/ap/,0,0,
692,,00692-ACC-POT-CFS-PTRE-12,Pot Tanaman,CFS,NOBRAND,,0,102002,0,0,NULL,110007,80,LT,0,0,NULL,NULL,NULL,140133,2024-09-19 10:07:50.000,0,NULL,NULL,2018-03-15,1726715270POT_TANAMAN.jpeg,1726715270POT_TANAMAN_thumb.jpeg,/assets/uploads/assetsre/ap/,0,0,
1323,,01323-ACC-POT-CFS-PTRE-12,Pot Tanaman,CFS,NOBRAND,,0,103001,0,0,NULL,110007,9,LT,0,0,NULL,NULL,NULL,140133,2024-08-01 09:01:22.000,0,NULL,NULL,2018-03-15,NULL,NULL,NULL,0,1,
1324,,01324-ACC-POT-CFS-PTRE-12,Pot Tanaman,CFS,NOBRAND,,0,103001,0,0,NULL,110007,9,LT,0,0,NULL,NULL,NULL,140133,2024-08-01 09:01:13.000,0,NULL,NULL,2018-03-15,NULL,NULL,NULL,0,1,
1327,,01327-ACC-POT-CFS-PTRE-12,Pot Tanaman,CFS,NOBRAND,,0,103002,0,0,NULL,110007,80,LT,0,0,NULL,NULL,NULL,140133,2024-09-19 10:08:23.000,1,140133,2025-02-14 09:01:29.000,2018-03-15,1726715303POT_TANAMAN.jpeg,1726715303POT_TANAMAN_thumb.jpeg,/assets/uploads/assetsre/ap/,0,0,
1328,,01328-ACC-POT-CFS-PTRE-12,Pot Tanaman,CFS,NOBRAND,,0,103002,0,0,NULL,110007,80,LT,0,0,NULL,NULL,NULL,140133,2024-09-19 10:07:53.000,0,NULL,NULL,2018-03-15,1726715273POT_TANAMAN.jpeg,1726715273POT_TANAMAN_thumb.jpeg,/assets/uploads/assetsre/ap/,0,0,
1329,,01329-ACC-POT-CFS-PTRE-12,Pot Tanaman,CFS,NOBRAND,,0,103002,0,0,NULL,110007,80,LT,0,0,NULL,NULL,NULL,140133,2024-09-19 10:07:59.000,0,NULL,NULL,2018-03-15,1726715279POT_TANAMAN.jpeg,1726715279POT_TANAMAN_thumb.jpeg,/assets/uploads/assetsre/ap/,0,0,
1488,,01488-ACC-POT-CFS-PTRE-12,Pot Tanaman,CFS,NOBRAND,,0,103012,0,0,NULL,110007,9,LT,0,0,NULL,NULL,NULL,140133,2024-08-01 11:02:31.000,0,NULL,NULL,2018-03-15,NULL,NULL,NULL,0,1,
1534,,01534-ACC-POT-CFS-PTRE-12,Pot Tanaman,CFS,NOBRAND,,0,104002,0,0,NULL,110007,80,LT,0,0,NULL,NULL,NULL,140133,2024-09-19 10:07:44.000,0,NULL,NULL,2018-03-15,1726715264POT_TANAMAN.jpeg,1726715264POT_TANAMAN_thumb.jpeg,/assets/uploads/assetsre/ap/,0,0,
1535,,01535-ACC-POT-CFS-PTRE-12,Pot Tanaman,CFS,NOBRAND,,0,104002,0,0,NULL,110007,80,LT,0,0,NULL,NULL,NULL,140133,2024-09-19 10:07:38.000,0,NULL,NULL,2018-03-15,1726715258POT_TANAMAN.jpeg,1726715258POT_TANAMAN_thumb.jpeg,/assets/uploads/assetsre/ap/,0,0,
1739,,01739-ACC-POT-CFS-PTRE-12,Pot Tanaman,CFS,NOBRAND,,0,111005,0,0,NULL,110007,9,LT,0,0,NULL,NULL,NULL,255578,2026-06-07 21:14:24.000,0,NULL,NULL,2018-03-15,NULL,NULL,NULL,0,0,
1795,,01795-ACC-POT-CFS-PTRE-12,Pot Tanaman,CFS,NOBRAND,,0,105001,0,0,NULL,110007,80,LT,0,0,NULL,NULL,NULL,140133,2024-09-19 10:08:02.000,0,NULL,NULL,2018-03-15,1726715282POT_TANAMAN.jpeg,1726715282POT_TANAMAN_thumb.jpeg,/assets/uploads/assetsre/ap/,0,0,
1974,,01974-ACC-POT-CFS-PTRE-14,POT TANAMAN,CFS,NOBRAND,TANAH LIAT COKLAT,0,112002,0,0,NULL,110007,80,LT,0,0,NULL,NULL,NULL,140133,2024-09-30 11:21:01.000,0,NULL,NULL,2018-03-15,1727670061gerobak_etalase.jpeg,1727670061gerobak_etalase_thumb.jpeg,/assets/uploads/assetsre/ap/,0,0,
2068,,02068-ACC-POT-CFS-PTRE-12,Pot Tanaman,CFS,NOBRAND,,0,111004,0,0,NULL,110007,9,LT,0,0,NULL,NULL,NULL,140133,2024-09-19 10:07:26.000,0,NULL,NULL,2018-03-15,1726715246POT_TANAMAN.jpeg,1726715246POT_TANAMAN_thumb.jpeg,/assets/uploads/assetsre/ap/,0,0,
2069,,02069-ACC-POT-CFS-PTRE-12,Pot Tanaman,CFS,NOBRAND,,0,111004,0,0,NULL,110007,9,LT,0,0,NULL,NULL,NULL,140133,2024-09-19 10:07:14.000,0,NULL,NULL,2018-03-15,1726715234POT_TANAMAN.jpeg,1726715234POT_TANAMAN_thumb.jpeg,/assets/uploads/assetsre/ap/,0,0,
2086,,02086-ACC-POT-CFS-PTRE-12,Pot Tanaman,CFS,NOBRAND,,0,112002,0,0,NULL,110007,9,LT,0,0,NULL,NULL,NULL,140133,2024-09-19 10:07:21.000,0,NULL,NULL,2018-03-15,1726715241POT_TANAMAN.jpeg,1726715241POT_TANAMAN_thumb.jpeg,/assets/uploads/assetsre/ap/,0,0,
2087,,02087-ACC-POT-CFS-PTRE-12,Pot Tanaman,CFS,NOBRAND,,0,112002,0,0,NULL,110007,9,LT,0,0,NULL,NULL,NULL,140133,2024-09-19 10:04:17.000,0,NULL,NULL,2018-03-15,1726715057POT_TANAMAN.jpeg,1726715057POT_TANAMAN_thumb.jpeg,/assets/uploads/assetsre/ap/,0,0,
2101,,02101-ACC-POT-CFS-PTRE-12,Pot Tanaman,CFS,NOBRAND,,0,112007,0,0,NULL,110007,9,LT,0,0,NULL,NULL,NULL,140133,2024-09-19 10:04:06.000,0,NULL,NULL,2018-03-15,1726715046POT_TANAMAN.jpeg,1726715046POT_TANAMAN_thumb.jpeg,/assets/uploads/assetsre/ap/,0,0,
2278,,02278-ACC-POT-CFS-PTRE-12,Pot Tanaman,CFS,NOBRAND,,0,113003,0,0,NULL,110007,9,LT,0,0,NULL,NULL,NULL,140133,2024-09-19 10:04:10.000,0,NULL,NULL,2018-03-15,1726715050POT_TANAMAN.jpeg,1726715050POT_TANAMAN_thumb.jpeg,/assets/uploads/assetsre/ap/,0,0,
2385,,02385-ACC-POT-CFS-PTRE-12,Pot Tanaman,CFS,NOBRAND,,0,113004,0,0,NULL,110007,9,LT,0,0,NULL,NULL,NULL,140133,2024-09-19 10:04:13.000,0,NULL,NULL,2018-03-15,1726715053POT_TANAMAN.jpeg,1726715053POT_TANAMAN_thumb.jpeg,/assets/uploads/assetsre/ap/,0,0,
8659,,03205-ACC-POT-CFS-PTRE-24,Pot Tanaman,CFS,NOBRAND,TANAMAN MATI,0,101015,0,0,NULL,110007,9,LT,0,NULL,NULL,NULL,NULL,140133,2024-09-19 10:03:56.000,0,NULL,NULL,2024-07-25,1726715036POT_TANAMAN.jpeg,1726715036POT_TANAMAN_thumb.jpeg,/assets/uploads/assetsre/ap/,0,0,
8660,,03206-ACC-POT-CFS-PTRE-24,Pot Tanaman,CFS,NOBRAND,TANAMAN MATI,0,101015,0,0,NULL,110007,9,LT,0,NULL,NULL,NULL,NULL,140133,2024-09-19 10:03:50.000,0,NULL,NULL,2024-07-25,1726715030POT_TANAMAN.jpeg,1726715030POT_TANAMAN_thumb.jpeg,/assets/uploads/assetsre/ap/,0,0,
8661,,03207-ACC-POT-CFS-PTRE-24,Pot Tanaman,CFS,NOBRAND,TANAMAN MATI,0,101015,0,0,NULL,110007,9,LT,0,NULL,NULL,NULL,NULL,140133,2024-09-19 10:04:02.000,0,NULL,NULL,2024-07-25,1726715042POT_TANAMAN.jpeg,1726715042POT_TANAMAN_thumb.jpeg,/assets/uploads/assetsre/ap/,0,0,
8678,,03223-ACC-POT-CFS-PTRE-24,Pot Tanaman,CFS,NOBRAND,,0,101016,0,0,NULL,110007,9,LT,0,NULL,NULL,NULL,NULL,140133,2024-09-19 10:03:44.000,0,NULL,NULL,2024-07-25,1726715024POT_TANAMAN.jpeg,1726715024POT_TANAMAN_thumb.jpeg,/assets/uploads/assetsre/ap/,0,0,
8685,,03230-ACC-POT-CFS-PTRE-24,POT,CFS,NOBRAND,,0,101017,0,0,NULL,110007,9,LT,0,NULL,NULL,NULL,NULL,140133,2024-09-19 10:03:40.000,0,NULL,NULL,2024-07-26,1726715020POT_TANAMAN.jpeg,1726715020POT_TANAMAN_thumb.jpeg,/assets/uploads/assetsre/ap/,0,0,
8690,,03235-ACC-POT-CFS-PTRE-24,POT,CFS,NOBRAND,,0,101018,0,0,NULL,110007,9,LT,0,NULL,NULL,NULL,NULL,140133,2024-09-19 10:03:36.000,0,NULL,NULL,2024-07-26,1726715016POT_TANAMAN.jpeg,1726715016POT_TANAMAN_thumb.jpeg,/assets/uploads/assetsre/ap/,0,0,
8938,,03474-ACC-POT-CFS-PTRE-24,Pot Tanaman,CFS,NOBRAND,,0,102002,0,0,NULL,110007,9,LT,0,NULL,NULL,NULL,NULL,140133,2024-09-19 10:03:31.000,0,NULL,NULL,2024-07-29,1726715011POT_TANAMAN.jpeg,1726715011POT_TANAMAN_thumb.jpeg,/assets/uploads/assetsre/ap/,0,0,
10673,,04701-ACC-POT-CFS-PTRE-25,Pot Tanaman,CFS,NOBRAND,,0,102003,0,0,NULL,110007,9,LT,0,NULL,NULL,NULL,NULL,140133,2025-02-14 09:05:07.000,0,NULL,NULL,2025-02-14,NULL,NULL,NULL,0,0,
