id,original_code,final_code,duplicated_number,deletion,status
282,00282-FUR-KK-CFS-PTRE-14,00282-FUR-KK-CFS-PTRE-14,,0,retained_original_primary_active
9007,00282-FUR-KK-CFS-PTRE-14,04884-FUR-KK-CFS-PTRE-14,00282-FUR-KK-CFS-PTRE-14,0,renumbered_duplicate_active
1366,01366-FUR-LK-CFS-PTRE-14,01366-FUR-LK-CFS-PTRE-14,,0,retained_original_primary_active
1855,01366-FUR-LK-CFS-PTRE-14,04885-FUR-LK-CFS-PTRE-14,01366-FUR-LK-CFS-PTRE-14,0,renumbered_duplicate_active
4078,01441-COMP-NB-ICT-PTRE-17,01441-COMP-NB-ICT-PTRE-17,,0,retained_original_primary_active
4079,01441-COMP-NB-ICT-PTRE-17,2504-COMP-NB-ICT-PTRE-17,01441-COMP-NB-ICT-PTRE-17,1,renumbered_deleted
4134,01496-COMP-DSK-ICT-PTRE-18,01496-COMP-DSK-ICT-PTRE-18,,0,retained_original_primary_active
4135,01496-COMP-DSK-ICT-PTRE-18,2505-COMP-DSK-ICT-PTRE-18,01496-COMP-DSK-ICT-PTRE-18,1,renumbered_deleted
5171,01533 COMP-NB-ICT-PTRE-18,01533 COMP-NB-ICT-PTRE-18,,0,retained_original_primary_active
5172,01533 COMP-NB-ICT-PTRE-18,2506-NB-ICT-PTRE-18,01533 COMP-NB-ICT-PTRE-18,1,renumbered_deleted
11878,01589-ELK-HD-CFS-PTRE-18,01589-ELK-HD-CFS-PTRE-18,,0,retained_original_primary_active
11879,01589-ELK-HD-CFS-PTRE-18,04886-ELK-HD-CFS-PTRE-18,01589-ELK-HD-CFS-PTRE-18,0,renumbered_duplicate_active
11880,01589-ELK-HD-CFS-PTRE-18,04887-ELK-HD-CFS-PTRE-18,01589-ELK-HD-CFS-PTRE-18,0,renumbered_duplicate_active
11884,01589-PEN-ACS-CFS-PTRE-25,01589-PEN-ACS-CFS-PTRE-25,,0,retained_original_primary_active
11887,01589-PEN-ACS-CFS-PTRE-25,04888-PEN-ACS-CFS-PTRE-25,01589-PEN-ACS-CFS-PTRE-25,0,renumbered_duplicate_active
10560,01601-ELK-MD-CFS-PTRE-26,01601-ELK-MD-CFS-PTRE-26,,0,retained_original_primary_active
11918,01601-ELK-MD-CFS-PTRE-26,04889-ELK-MD-CFS-PTRE-26,01601-ELK-MD-CFS-PTRE-26,0,renumbered_duplicate_active
1625,01626-FUR-MK-CFS-PTRE-14,01626-FUR-MK-CFS-PTRE-14,,0,retained_original_primary_active
1626,01626-FUR-MK-CFS-PTRE-14,04890-FUR-MK-CFS-PTRE-14,01626-FUR-MK-CFS-PTRE-14,0,renumbered_duplicate_active
6305,01804 COMP-DSK-ICT-PTRE-19,01804 COMP-DSK-ICT-PTRE-19,,0,retained_original_primary_active
6306,01804 COMP-DSK-ICT-PTRE-19,2507-DSK-ICT-PTRE-19,01804 COMP-DSK-ICT-PTRE-19,1,renumbered_deleted
6588,01901-FUR-KK-CFS-PTRE-14,01901-FUR-KK-CFS-PTRE-14,,0,retained_original_primary_active
1901,01901-FUR-KK-CFS-PTRE-14,04891-FUR-KK-CFS-PTRE-14,01901-FUR-KK-CFS-PTRE-14,1,renumbered_deleted
6585,01902-FUR-KK-CFS-PTRE-14,01902-FUR-KK-CFS-PTRE-14,,0,retained_original_primary_active
1902,01902-FUR-KK-CFS-PTRE-14,04892-FUR-KK-CFS-PTRE-14,01902-FUR-KK-CFS-PTRE-14,1,renumbered_deleted
6584,01903-FUR-KK-CFS-PTRE-14,01903-FUR-KK-CFS-PTRE-14,,0,retained_original_primary_active
1903,01903-FUR-KK-CFS-PTRE-14,04893-FUR-KK-CFS-PTRE-14,01903-FUR-KK-CFS-PTRE-14,1,renumbered_deleted
6583,01904-FUR-KK-CFS-PTRE-14,01904-FUR-KK-CFS-PTRE-14,,0,retained_original_primary_active
1904,01904-FUR-KK-CFS-PTRE-14,04894-FUR-KK-CFS-PTRE-14,01904-FUR-KK-CFS-PTRE-14,1,renumbered_deleted
59,01905-FUR-KK-CFS-PTRE-14,01905-FUR-KK-CFS-PTRE-14,,0,retained_original_primary_active
1905,01905-FUR-KK-CFS-PTRE-14,04895-FUR-KK-CFS-PTRE-14,01905-FUR-KK-CFS-PTRE-14,1,renumbered_deleted
48,01906-FUR-KK-CFS-PTRE-14,04896-FUR-KK-CFS-PTRE-14,01906-FUR-KK-CFS-PTRE-14,1,renumbered_deleted
1906,01906-FUR-KK-CFS-PTRE-14,04897-FUR-KK-CFS-PTRE-14,01906-FUR-KK-CFS-PTRE-14,1,renumbered_deleted
403,01913-FUR-KK-CFS-PTRE-14,01913-FUR-KK-CFS-PTRE-14,,0,retained_original_primary_active
1913,01913-FUR-KK-CFS-PTRE-14,04898-FUR-KK-CFS-PTRE-14,01913-FUR-KK-CFS-PTRE-14,0,renumbered_duplicate_active
415,01914-FUR-KK-CFS-PTRE-14,01914-FUR-KK-CFS-PTRE-14,,0,retained_original_primary_active
1914,01914-FUR-KK-CFS-PTRE-14,04899-FUR-KK-CFS-PTRE-14,01914-FUR-KK-CFS-PTRE-14,0,renumbered_duplicate_active
416,01915-FUR-KK-CFS-PTRE-14,01915-FUR-KK-CFS-PTRE-14,,0,retained_original_primary_active
1915,01915-FUR-KK-CFS-PTRE-14,04900-FUR-KK-CFS-PTRE-14,01915-FUR-KK-CFS-PTRE-14,0,renumbered_duplicate_active
6581,02614-FUR-KK-CFS-PTRE-14,02614-FUR-KK-CFS-PTRE-14,,0,retained_original_primary_active
6582,02614-FUR-KK-CFS-PTRE-14,04901-FUR-KK-CFS-PTRE-14,02614-FUR-KK-CFS-PTRE-14,0,renumbered_duplicate_active
8711,03256-ACC-LS-CFS-PTRE-24,03256-ACC-LS-CFS-PTRE-24,,0,retained_original_primary_active
8712,03256-ACC-LS-CFS-PTRE-24,04902-ACC-LS-CFS-PTRE-24,03256-ACC-LS-CFS-PTRE-24,0,renumbered_duplicate_active
8808,03351-ACC-LS-CFS-PTRE-24,03351-ACC-LS-CFS-PTRE-24,,0,retained_original_primary_active
8809,03351-ACC-LS-CFS-PTRE-24,04903-ACC-LS-CFS-PTRE-24,03351-ACC-LS-CFS-PTRE-24,0,renumbered_duplicate_active
9161,03697-FUR-MK -CFS-PTRE-24,03697-FUR-MK -CFS-PTRE-24,,0,retained_original_primary_active
9162,03697-FUR-MK -CFS-PTRE-24,04904-FUR-MK -CFS-PTRE-24,03697-FUR-MK -CFS-PTRE-24,0,renumbered_duplicate_active
9183,03718-FUR-KK-CFS-PTRE-24,03718-FUR-KK-CFS-PTRE-24,,0,retained_original_primary_active
9184,03718-FUR-KK-CFS-PTRE-24,04905-FUR-KK-CFS-PTRE-24,03718-FUR-KK-CFS-PTRE-24,0,renumbered_duplicate_active
9210,03744-FUR-KK-CFS-PTRE-24,03744-FUR-KK-CFS-PTRE-24,,0,retained_original_primary_active
9211,03744-FUR-KK-CFS-PTRE-24,04906-FUR-KK-CFS-PTRE-24,03744-FUR-KK-CFS-PTRE-24,0,renumbered_duplicate_active
10495,04571-ACC-GE-CFS-PTRE-24,04907-ACC-GE-CFS-PTRE-24,04571-ACC-GE-CFS-PTRE-24,1,renumbered_deleted
10496,04571-ACC-GE-CFS-PTRE-24,04908-ACC-GE-CFS-PTRE-24,04571-ACC-GE-CFS-PTRE-24,1,renumbered_deleted
11892,04872-ELK-SD-CFS-PTRE-26,04872-ELK-SD-CFS-PTRE-26,,0,retained_original_primary_active
12043,04872-ELK-SD-CFS-PTRE-26,04909-ELK-SD-CFS-PTRE-26,04872-ELK-SD-CFS-PTRE-26,0,renumbered_duplicate_active
