id,name,parent_id,related_departement,is_active,level,cap,ams_id,ams_code,ams_gedung,ams_lantai,original_name,meeting_available,created_at,updated_at
36,Graha RE 1,,,1,1,B,[36],100000,100000,100000,Graha RE 1,0,2016-12-08 15:02:54,2016-12-08 15:02:54
37,Graha RE 2,,,1,1,B,[37],110000,110000,110000,Graha RE 2,0,2016-12-08 15:03:03,2016-12-08 15:03:03
38,Lantai Mezzanine,36.0,,1,2,F,[38],101000,100000,101000,Lantai Mezzanine,0,2016-12-08 15:12:03,2016-12-08 15:12:03
39,Lantai 1,36.0,,1,2,F,[39],102000,100000,102000,Lantai 1,0,2016-12-08 15:12:10,2016-12-08 15:12:10
41,Lantai 2,36.0,,1,2,F,[41],103000,100000,103000,Lantai 2,0,2016-12-08 15:13:05,2016-12-08 15:13:05
42,Lantai 3,36.0,,1,2,F,[42],104000,100000,104000,Lantai 3,0,2016-12-08 15:13:12,2016-12-08 15:13:12
44,Basement,37.0,,1,2,F,[44],111000,110000,111000,Basement,0,2016-12-08 15:13:51,2016-12-08 15:13:51
45,Mezzanine,37.0,,1,2,F,[45],112000,110000,112000,Mezzanine,0,2016-12-08 15:13:59,2016-12-08 15:13:59
46,Lantai 1,37.0,,1,2,F,[46],113000,110000,113000,Lantai 1,0,2016-12-08 15:14:06,2016-12-08 15:14:06
47,Lantai 2,37.0,,1,2,F,[47],114000,110000,114000,Lantai 2,0,2016-12-08 15:14:59,2016-12-08 15:14:59
77,NODATA,,,1,1,B,[77],120000,120000,120000,NODATA,0,2017-01-04 15:18:18,2017-01-04 15:18:18
80,Lantai 4,36.0,,1,2,F,[80],105000,100000,105000,Lantai 4,0,2017-01-19 09:18:26,2017-01-19 09:18:26
81,Halaman Selatan,38.0,,1,3,R,[81],101001,100000,101000,Halaman Selatan,0,2017-01-19 09:41:02,2017-01-19 09:41:02
82,Halaman Timur,38.0,,1,3,R,[82],101002,100000,101000,Halaman timur,0,2017-01-19 09:41:16,2017-01-19 09:41:16
83,Halaman Barat,38.0,,1,3,R,[83],101003,100000,101000,Halaman Barat,0,2017-01-19 09:41:38,2017-01-19 09:41:38
84,Halaman Utara,38.0,,1,3,R,[84],101004,100000,101000,Halaman Utara,0,2017-01-19 09:41:49,2017-01-19 09:41:49
85,Koperasi,38.0,,1,3,R,[85],101005,100000,101000,Koperasi,0,2017-01-19 09:42:11,2017-01-19 09:42:11
86,Gudang Recon,38.0,,1,3,R,[86],101006,100000,101000,Gudang Recon,0,2017-01-19 09:42:29,2017-01-19 09:42:29
87,Gardu PLN,38.0,,1,3,R,[87],101007,100000,101000,Gardu PLN,0,2017-01-19 09:42:42,2017-01-19 09:42:42
88,Smoking Room,38.0,,1,3,R,[88],101008,100000,101000,Smooking Room,0,2017-01-19 09:43:12,2017-01-19 09:43:12
89,Kantin,38.0,,1,3,R,[89],101009,100000,101000,Kantin,0,2017-01-19 09:43:24,2017-01-19 09:43:24
90,Driver Room,38.0,,1,3,R,[90],101010,100000,101000,Driver Room,0,2017-01-19 09:43:51,2017-01-19 09:43:51
91,SOS Room,38.0,94.0,1,3,R,[91],101011,100000,101000,SOS Room,0,2017-01-19 09:46:48,2017-01-19 09:46:48
92,Area STP,38.0,,1,3,R,[92],101012,100000,101000,Area STP,0,2017-01-19 09:47:12,2017-01-19 09:47:12
93,Pump Room,38.0,,1,3,R,[93],101013,100000,101000,Pump Room,0,2017-01-19 09:47:33,2017-01-19 09:47:33
94,Pos Security,38.0,,1,3,R,[94],101014,100000,101000,Pos security,0,2017-01-19 09:47:54,2017-01-19 09:47:54
95,Lobby Utama,38.0,,1,3,R,[95],101015,100000,101000,Lobby Utama,0,2017-01-19 09:48:05,2017-01-19 09:48:05
96,Koridor Selatan,38.0,,1,3,R,[96],101016,100000,101000,Koridor Selatan,0,2017-01-19 09:48:16,2017-01-19 09:48:16
98,Koridor Utara,38.0,,1,3,R,[98],101017,100000,101000,Koridor Utara,0,2017-01-19 09:49:14,2017-01-19 09:49:14
99,Koridor Barat,38.0,,1,3,R,[99],101018,100000,101000,Koridor Barat,0,2017-01-19 09:49:37,2017-01-19 09:49:37
100,Toilet Wanita,38.0,,1,3,R,[100],101019,100000,101000,Toilet Wanita,0,2017-01-19 09:49:51,2017-01-19 09:49:51
101,Toilet Pria,38.0,,1,3,R,[101],101020,100000,101000,Toilet Pria,0,2017-01-19 09:50:08,2017-01-19 09:50:08
102,Panel Listrik Barat,38.0,,1,3,R,[102],101021,100000,101000,Panel Listrik Barat,0,2017-01-19 09:50:22,2017-01-19 09:50:22
103,Panel Listrik Utara,38.0,,1,3,R,[103],101022,100000,101000,Panel Listrik Utara,0,2017-01-19 09:50:40,2017-01-19 09:50:40
104,Ruang Panel,38.0,93.0,1,3,R,[104],101023,100000,101000,Ruang Panel,0,2017-01-19 09:50:49,2017-01-19 09:50:49
105,Panel IT Utara,38.0,93.0,1,3,R,[105],101024,100000,101000,Panel IT Utara,0,2017-01-19 09:51:04,2017-01-19 09:51:04
106,Panel AC AHU,38.0,,1,3,R,[106],101025,100000,101000,Panel AC AHU,0,2017-01-19 09:51:22,2017-01-19 09:51:22
107,Area Tangga Darurat,38.0,,1,3,R,[107],101026,100000,101000,Area tangga darurat,0,2017-01-19 09:51:47,2017-01-19 09:51:47
108,Area Tangga Utama,38.0,,1,3,R,[108],101027,100000,101000,Area tangga utama,0,2017-01-19 09:52:13,2017-01-19 09:52:13
109,Pantry,38.0,,1,3,R,[109],101028,100000,101000,Pantry,0,2017-01-19 09:52:25,2017-01-19 09:52:25
110,Dokter & Laktasi,38.0,,1,3,R,[110],101029,100000,101000,Dokter & Laktasi,0,2017-01-19 09:52:44,2017-01-19 09:52:44
111,Ruang Meeting Sidoasih,44.0,,1,3,R,[111],111006,110000,111000,Ruang Meeting Sidoasih,1,2017-01-19 09:53:00,2017-01-19 09:53:00
112,Ruang Meeting Truntum,38.0,,1,3,R,[112],101031,100000,101000,Ruang Meeting Truntum,1,2017-01-19 09:53:16,2017-01-19 09:53:16
113,Ex Document Room,38.0,,1,3,R,[113],101032,100000,101000,Ex Document Room,1,2017-01-19 09:53:28,2017-01-19 09:53:28
114,ICT Department,38.0,93.0,1,3,R,[114],101033,100000,101000,ICT Department,1,2017-01-19 09:53:53,2017-01-19 09:53:53
115,HRM Department,38.0,92.0,1,3,R,[115],101034,100000,101000,HRM Department,1,2017-01-19 09:54:05,2017-01-19 09:54:05
116,CFS Department,38.0,94.0,1,3,R,[116],101035,100000,101000,CFS Department,1,2017-01-19 09:54:17,2017-01-19 09:54:17
117,PPC Department,38.0,102.0,1,3,R,[117],101036,100000,101000,PPC Department,1,2017-01-19 09:54:28,2017-01-19 09:54:28
118,Area Kerja Umum,38.0,,1,3,R,[118],101037,100000,101000,Area Kerja Umum,1,2017-01-19 09:54:37,2017-01-19 09:54:37
119,ICT Training Room,38.0,93.0,1,3,R,[119],101038,100000,101000,ICT Training Room,1,2017-01-19 09:54:51,2017-01-19 09:54:51
120,3DD Department Barat,38.0,109.0,1,3,R,[120],101039,100000,101000,3DD Department Barat,1,2017-01-19 09:55:04,2017-01-19 09:55:04
121,3DD Department Timur,38.0,109.0,1,3,R,[121],101040,100000,101000,3DD Department Timur,1,2017-01-19 09:55:24,2017-01-19 09:55:24
122,Lift,38.0,,1,3,R,[122],101041,100000,101000,Lift ,0,2017-01-19 09:55:35,2017-01-19 09:55:35
123,Koridor Utara,39.0,,1,3,R,[123],102001,100000,102000,Koridor Utara,0,2017-01-19 09:55:55,2017-01-19 09:55:55
124,Koridor Selatan,39.0,,1,3,R,[124],102002,100000,102000,Koridor Selatan,0,2017-01-19 09:56:00,2017-01-19 09:56:00
125,Koridor Barat,39.0,,1,3,R,[125],102003,100000,102000,Koridor Barat,0,2017-01-19 09:56:05,2017-01-19 09:56:05
127,Toilet Pria,39.0,,1,3,R,[127],102005,100000,102000,Toilet Pria,0,2017-01-19 09:56:22,2017-01-19 09:56:22
128,Toilet Wanita,39.0,,1,3,R,[128],102006,100000,102000,Toilet Wanita,0,2017-01-19 09:56:29,2017-01-19 09:56:29
129,Musholla Pria,39.0,,1,3,R,[129],102007,100000,102000,Musholla Pria,0,2017-01-19 09:56:43,2017-01-19 09:56:43
130,Musholla Wanita,39.0,,1,3,R,[130],102008,100000,102000,Musholla Wanita,0,2017-01-19 09:56:57,2017-01-19 09:56:57
131,Panel AC AHU,39.0,,1,3,R,[131],102009,100000,102000,Panel AC AHU,0,2017-01-19 09:57:07,2017-01-19 09:57:07
132,Ruang Meeting Rasamala,39.0,,1,3,R,[132],102010,100000,102000,Ruang Meeting Rasamala,1,2017-01-19 09:57:22,2017-01-19 09:57:22
133,Ruang Meeting Sidomukti,38.0,,1,3,R,[133],101042,100000,101000,Ruang Meeting Sidomukti,1,2017-01-19 09:57:42,2017-01-19 09:57:42
134,Area Kerja Umum Selatan,39.0,,1,3,R,[134],102012,100000,102000,Area Kerja Umum Selatan,1,2017-01-19 09:57:57,2017-01-19 09:57:57
135,Area Kerja Umum Utara,39.0,,1,3,R,[135],102013,100000,102000,Area Kerja Umum Utara,1,2017-01-19 09:58:12,2017-01-19 09:58:12
136,General Manager Room,39.0,99.0,1,3,R,[136],102014,100000,102000,General Manager Room,1,2017-01-19 09:58:26,2017-01-19 09:58:26
137,Project Manager Room,39.0,99.0,1,3,R,[137],102015,100000,102000,Project Manager Room,1,2017-01-19 09:58:39,2017-01-19 09:58:39
138,Marketing Department,39.0,95.0,1,3,R,[138],102016,100000,102000,Marketing Department,1,2017-01-19 09:58:52,2017-01-19 09:58:52
139,Piping & Mechanical Department Barat,39.0,105.0,1,3,R,[139],102017,100000,102000,Piping & Mechanical Department Barat,1,2017-01-19 09:59:21,2017-01-19 09:59:21
140,Piping & Mechanical Department Timur,39.0,105.0,1,3,R,[140],102018,100000,102000,Piping & Mechanical Department Timur,1,2017-01-19 09:59:38,2017-01-19 09:59:38
141,Area Tangga Darurat,39.0,,1,3,R,[141],102019,100000,102000,Area tangga darurat ,0,2017-01-19 10:00:01,2017-01-19 10:00:01
142,Koridor Tangga Luar,39.0,,1,3,R,[142],102020,100000,102000,Koridor Tangga Luar ,0,2017-01-19 10:00:47,2017-01-19 10:00:47
143,Koridor Utara,41.0,,1,3,R,[143],103001,100000,103000,Koridor Utara,0,2017-01-19 10:01:13,2017-01-19 10:01:13
144,Koridor Barat,41.0,,1,3,R,[144],103002,100000,103000,Koridor Barat,0,2017-01-19 10:01:18,2017-01-19 10:01:18
145,Toilet Pria,41.0,,1,3,R,[145],103003,100000,103000,Toilet Pria,0,2017-01-19 10:01:23,2017-01-19 10:01:23
146,Toilet Wanita,41.0,,1,3,R,[146],103004,100000,103000,Toilet Wanita,0,2017-01-19 10:01:29,2017-01-19 10:01:29
147,Toilet VIP,41.0,,1,3,R,[147],103005,100000,103000,Toilet VIP,0,2017-01-19 10:01:41,2017-01-19 10:01:41
148,Pantry,41.0,,1,3,R,[148],103006,100000,103000,Pantry,0,2017-01-19 10:01:48,2017-01-19 10:01:48
149,Area Sekretaris,41.0,94.0,1,3,R,[149],103007,100000,103000,Area Sekertaris,0,2017-01-19 10:01:57,2017-01-19 10:01:57
150,Area Tangga Darurat,41.0,,1,3,R,[150],103008,100000,103000,Area tangga darurat,0,2017-01-19 10:02:12,2017-01-19 10:02:12
151,Ruang Meeting Parangkusumo,41.0,,1,3,R,[151],103009,100000,103000,Ruang Meeting Parangkusumo,1,2017-01-19 10:02:43,2017-01-19 10:02:43
153,Finance Department Timur,41.0,91.0,1,3,R,[153],103010,100000,103000,Finance Department Timur,1,2017-01-19 10:02:59,2017-01-19 10:02:59
154,Finance Department Barat,41.0,91.0,1,3,R,[154],103011,100000,103000,Finance Department Barat,1,2017-01-19 10:03:18,2017-01-19 10:03:18
155,Ruang Direktur Utama,41.0,77.0,1,3,R,[155],103012,100000,103000,Ruang Direktur Utama,1,2017-01-19 10:03:30,2017-01-19 10:03:30
156,Ruang Direktur Operasional,41.0,89.0,1,3,R,[156],103013,100000,103000,Ruang Direktur Operasional,1,2017-01-19 10:03:45,2017-01-19 10:03:45
157,Ruang Direktur Keuangan dan Infrastruktur,41.0,90.0,1,3,R,[157],103014,100000,103000,Ruang Direktur Keuangan dan Infrastruktur,1,2017-01-19 10:04:15,2017-01-19 10:04:15
158,Koridor Utara,42.0,,1,3,R,[158],104001,100000,104000,Koridor Utara,0,2017-01-19 10:04:27,2017-01-19 10:04:27
159,Koridor Barat,42.0,,1,3,R,[159],104002,100000,104000,Koridor Barat,0,2017-01-19 10:04:32,2017-01-19 10:04:32
160,Toilet Pria,42.0,,1,3,R,[160],104003,100000,104000,Toilet Pria,0,2017-01-19 10:04:38,2017-01-19 10:04:38
161,Toilet Wanita,42.0,,1,3,R,[161],104004,100000,104000,Toilet Wanita,0,2017-01-19 10:04:42,2017-01-19 10:04:42
162,Pantry,42.0,,1,3,R,[162],104005,100000,104000,Pantry,0,2017-01-19 10:04:47,2017-01-19 10:04:47
163,Ruang Fotokopi,42.0,,1,3,R,[163],104006,100000,104000,Ruang Fotokopi,0,2017-01-19 10:04:55,2017-01-19 10:04:55
164,Ruang Meeting Megamendung,42.0,,1,3,R,[164],104007,100000,104000,Ruang Meeting Megamendung,1,2017-01-19 10:05:15,2017-01-19 10:05:15
165,Civil Department Timur,42.0,106.0,1,3,R,[165],104008,100000,104000,Civil Department Timur,1,2017-01-19 10:05:28,2017-01-19 10:05:28
166,Civil Department Barat,42.0,106.0,1,3,R,[166],104009,100000,104000,Civil Department Barat,1,2017-01-19 10:05:37,2017-01-19 10:05:37
167,Tangga Darurat,42.0,,1,3,R,[167],104010,100000,104000,Tangga Darurat,0,2017-01-19 10:05:52,2017-01-19 10:05:52
168,Koridor Utara,80.0,,1,3,R,[168],105001,100000,105000,Koridor Utara,0,2017-01-19 10:07:00,2017-01-19 10:07:00
169,Area Tangga Darurat,80.0,,1,3,R,[169],105002,100000,105000,Area tangga darurat,0,2017-01-19 10:07:08,2017-01-19 10:07:08
170,Ruang AC AHU,80.0,,1,3,R,[170],105003,100000,105000,Ruang AC AHU,0,2017-01-19 10:07:25,2017-01-19 10:07:25
171,Toilet Pria,80.0,,1,3,R,[171],105004,100000,105000,Toilet Pria,0,2017-01-19 10:07:31,2017-01-19 10:07:31
172,Toilet Wanita,80.0,,1,3,R,[172],105005,100000,105000,Toilet Wanita,0,2017-01-19 10:07:35,2017-01-19 10:07:35
173,Pantry,80.0,,1,3,R,[173],105006,100000,105000,Pantry,0,2017-01-19 10:07:40,2017-01-19 10:07:40
174,Ruang Meeting Sekarjagat,80.0,,1,3,R,[174],105007,100000,105000,Ruang Meeting Sekarjagat,1,2017-01-19 10:07:56,2017-01-19 10:07:56
175,Instrument Department,80.0,108.0,1,3,R,[175],105008,100000,105000,Instrument Department ,1,2017-01-19 10:08:10,2017-01-19 10:08:10
176,Process Department,80.0,103.0,0,3,R,[176],105009,100000,105000,Process Department,1,2017-01-19 10:08:23,2017-01-19 10:08:23
177,Rumah Lift,80.0,,1,3,R,[177],105010,100000,105000,Rumah Lift,0,2017-01-19 10:08:33,2017-01-19 10:08:33
178,Koridor Luar,80.0,,1,3,R,[178],105011,100000,105000,Kooridor Luar,0,2017-01-19 10:08:44,2017-01-19 10:08:44
179,Top Floor,37.0,,1,2,F,[179],115000,110000,115000,Top Floor,0,2017-01-19 10:14:10,2017-01-19 10:14:10
180,Area Tangga,44.0,,1,3,R,[180],111001,110000,111000,Area Tangga,0,2017-01-19 10:15:07,2017-01-19 10:15:07
181,Gudang,44.0,,1,3,R,[181],111002,110000,111000,Gudang,0,2017-01-19 10:15:13,2017-01-19 10:15:13
182,Koridor Luar,44.0,,1,3,R,[182],111003,110000,111000,Kooridor Luar,0,2017-01-19 10:15:20,2017-01-19 10:15:20
183,Ruang Meeting Tiga Negeri,44.0,,1,3,R,[183],111004,110000,111000,Ruang Meeting Tiga Negeri,1,2017-01-19 10:15:36,2017-01-19 10:15:36
184,Halaman Utara,45.0,,1,3,R,[184],112001,110000,112000,Halaman Utara,0,2017-01-19 10:15:50,2017-01-19 10:15:50
185,Lobby Utama,45.0,,1,3,R,[185],112002,110000,112000,Lobby Utama,0,2017-01-19 10:15:57,2017-01-19 10:15:57
186,Toilet Pria,45.0,,1,3,R,[186],112003,110000,112000,Toilet Pria,0,2017-01-19 10:16:02,2017-01-19 10:16:02
187,Toilet Wanita,45.0,,1,3,R,[187],112004,110000,112000,Toilet Wanita,0,2017-01-19 10:16:05,2017-01-19 10:16:05
188,Toilet 2,45.0,,1,3,R,[188],112005,110000,112000,Toilet 2,0,2017-01-19 10:16:12,2017-01-19 10:16:12
189,Pantry,45.0,,1,3,R,[189],112006,110000,112000,Pantry,0,2017-01-19 10:16:16,2017-01-19 10:16:16
190,Musholla,45.0,,1,3,R,[190],112007,110000,112000,Musholla ,0,2017-01-19 10:16:28,2017-01-19 10:16:28
191,Server & Panel Room,45.0,,1,3,R,[191],112008,110000,112000,Server & Panel Room,0,2017-01-19 10:16:42,2017-01-19 10:16:42
192,Ruang Electrical,45.0,107.0,0,3,R,[192],112009,110000,112000,Ruang Electrical,1,2017-01-19 10:16:52,2017-01-19 10:16:52
193,Tangga Menuju Lt1,45.0,,1,3,R,[193],112010,110000,112000,Tangga Menuju Lt1,0,2017-01-19 10:17:00,2017-01-19 10:17:00
194,Menuju Lt2,46.0,,1,3,R,[194],113001,110000,113000,Menuju Lt2,0,2017-01-19 10:17:17,2017-01-19 10:17:17
195,Ruang Meeting Pisan Bali,46.0,,1,3,R,[195],113002,110000,113000,Ruang Meeting Pisan Bali,1,2017-01-19 10:17:33,2017-01-19 10:17:33
196,Ruang Meeting Recare,46.0,,1,3,R,[196],113003,110000,113000,Ruang Meeting Recare,1,2017-01-19 10:17:49,2017-01-19 10:17:49
197,Ruang Recare,46.0,,1,3,R,[197],113004,110000,113000,Ruang Recare,1,2017-01-19 10:17:58,2017-01-19 10:17:58
198,Toilet,46.0,,1,3,R,[198],113005,110000,113000,Toilet ,0,2017-01-19 10:18:06,2017-01-19 10:18:06
199,Tangga Menuju Top Floor,47.0,,1,3,R,[199],114001,110000,114000,Tangga Menuju Top Floor,0,2017-01-19 10:18:36,2017-01-19 10:18:36
200,Toilet,47.0,,1,3,R,[200],114002,110000,114000,Toilet ,0,2017-01-19 10:18:40,2017-01-19 10:18:40
201,Ruang Direktur Utama Recon,47.0,,1,3,R,[201],114003,110000,114000,Ruang Direktur Utama Recon,1,2017-01-19 10:19:01,2017-01-19 10:19:01
202,Ruang Direktur Operasional,47.0,,1,3,R,[202],114004,110000,114000,Ruang Direktur Operasional,1,2017-01-19 10:19:11,2017-01-19 10:19:11
203,Ruang Keuangan,47.0,,1,3,R,[203],114005,110000,114000,Ruang Keuangan,0,2017-01-19 10:19:24,2017-01-19 10:19:24
204,Area Kerja Timur,47.0,,1,3,R,[204],114006,110000,114000,Area Kerja Timur,0,2017-01-19 10:19:34,2017-01-19 10:19:34
205,Area Kerja Barat,47.0,,1,3,R,[205],114007,110000,114000,Area Kerja Barat,0,2017-01-19 10:19:40,2017-01-19 10:19:40
206,Ruang Meeting Kembang Kantil,179.0,,1,3,R,[206],115001,110000,115000,Ruang Meeting Kembang Kantil,1,2017-01-19 10:20:00,2017-01-19 10:20:00
207,Ruang Meeting Ratu Ratih,179.0,,1,3,R,"[207, 217]",115002,110000,115000,Ruang Meeting Ratu Ratih,1,2017-01-19 10:20:13,2017-01-19 10:20:13
208,Toilet Pria,179.0,,1,3,R,[208],115003,110000,115000,Toilet Pria,0,2017-01-19 10:21:47,2017-01-19 10:21:47
209,Toilet Wanita,179.0,,1,3,R,[209],115004,110000,115000,Toilet Wanita,0,2017-01-19 10:21:51,2017-01-19 10:21:51
210,Koridor Dalam,179.0,,1,3,R,[210],115005,110000,115000,Kooridor Dalam,0,2017-01-19 10:22:02,2017-01-19 10:22:02
211,Ruang Janitor,179.0,,1,3,R,[211],115006,110000,115000,Ruang Janitor,0,2017-01-19 10:22:09,2017-01-19 10:22:09
213,Others Building,,,1,1,B,[213],990000,990000,990000,Others Building,0,2017-02-20 11:07:31,2017-02-20 11:07:31
214,Others Floor,213.0,,1,2,F,[214],991000,990000,991000,Others Floor,0,2018-04-26 08:16:05,2018-04-26 08:16:05
215,Others Room,214.0,,1,3,R,[215],991001,990000,991000,Others Room,0,2018-04-26 08:17:01,2018-04-26 08:17:01
218,Ruang Meeting Kawung,80.0,,1,3,R,[218],105012,100000,105000,Ruang Meeting Kawung,1,2019-11-18 09:11:15,2019-11-18 09:11:15
220,Ruang SDQA,38.0,,1,3,R,[220],101043,100000,101000,Ruang SDQA,0,2017-01-19 09:57:42,2017-01-19 09:57:42
221,Ruang Electrical,42.0,107.0,1,3,R,[221],104011,100000,104000,Ruang Electrical,0,2017-01-19 10:05:15,2017-01-19 10:05:15
222,Ruang HSE,38.0,97.0,1,3,R,[222],101044,100000,101000,Ruang HSE,0,2017-01-19 10:17:00,2017-01-19 10:17:00
223,Ruang IFS,38.0,,1,3,R,[223],101045,100000,101000,Ruang IFS,0,2023-06-13 10:17:00,2023-06-13 10:17:00
224,Ruang SDD,38.0,,1,3,R,[224],101046,100000,101000,Ruang SDD,0,2023-06-13 10:17:00,2023-06-13 10:17:00
225,Ruang CSS,38.0,,1,3,R,[225],101047,100000,101000,Ruang CSS,0,2023-06-13 10:17:00,2023-06-13 10:17:00
226,GM Marketing,39.0,,1,3,R,[226],102021,100000,102000,GM Marketing,0,2023-06-13 10:17:00,2023-06-13 10:17:00
227,Ruang DM,39.0,,1,3,R,[227],102022,100000,102000,Ruang DM,0,2023-06-13 10:17:00,2023-06-13 10:17:00
228,Recon,39.0,,1,3,R,[228],102023,100000,102000,Recon,0,2023-06-13 10:17:00,2023-06-13 10:17:00
229,Legal,39.0,,1,3,R,[229],102024,100000,102000,Legal,0,2023-06-13 10:17:00,2023-06-13 10:17:00
230,Audit,39.0,,1,3,R,[230],102025,100000,102000,Audit,0,2023-06-13 10:17:00,2023-06-13 10:17:00
231,Departemen Process,39.0,,1,3,R,[231],102027,100000,102000,Departemen Proccess,0,2023-06-13 10:17:00,2023-06-13 10:17:00
232,Departemen Civil,42.0,,1,3,R,[232],104012,100000,104000,Departemen Civil,0,2023-06-13 10:17:00,2023-06-13 10:17:00
233,Ruang Proyek,80.0,,1,3,R,[233],105013,100000,105000,Ruang Proyek,0,2023-06-13 10:17:00,2023-06-13 10:17:00
234,Ruang Recare,45.0,,1,3,R,[234],112011,110000,112000,Ruang Recare,0,2023-06-13 10:17:00,2023-06-13 10:17:00
235,Ruang Kelas Recare,179.0,,1,3,R,[235],115003,110000,115000,Ruang Kelas Recare,0,2023-06-13 10:17:00,2023-06-13 10:17:00
236,Mega Mendung Space,80.0,,1,3,R,[236],105014,100000,105000,Mega Mendung Space,1,2024-02-28 00:00:00,2024-02-28 00:00:00
237,Ruang Server RETO,38.0,,1,3,R,[237],101048,100000,101000,Ruang Server RETO,0,2024-03-20 10:17:00,2024-03-20 10:17:00
238,Ruang General Manager,38.0,,1,3,R,[238],101049,100000,101000,Ruang General Manager,0,2024-03-20 10:17:00,2024-03-20 10:17:00
239,Ruang Proyek,38.0,,1,3,R,[239],101050,100000,101000,Ruang Proyek,0,2024-03-20 10:17:00,2024-03-20 10:17:00
240,Pantry,39.0,,1,3,R,[240],102028,100000,102000,Pantry,0,2024-03-20 10:17:00,2024-03-20 10:17:00
241,Ruang Proyek,39.0,,1,3,R,[241],102029,100000,102000,Ruang Proyek,0,2024-05-02 10:17:00,2024-05-02 10:17:00
242,Departemen Instrument,39.0,,1,3,R,[242],102030,100000,102000,Departemen Instrument,0,2024-05-02 10:17:00,2024-05-02 10:17:00
243,Ruang Project Freeport,38.0,,1,3,R,[243],101051,100000,101000,Ruang Project Freeport,0,2024-07-23 00:00:00,2024-07-23 00:00:00
244,Ruang Project PHR,38.0,,1,3,R,[244],101052,100000,101000,Ruang Project PHR,0,2024-07-24 08:38:38,2024-07-24 08:38:38
245,"Ruang Instrument, Mechanical, Process",39.0,,1,3,R,[245],102031,100000,102000,"Ruang Instument, Mechanical, Proccess",0,2024-07-30 09:43:50,2024-07-30 09:43:50
246,Ruang Meeting Rasamala,44.0,,1,3,R,[246],111005,110000,111000,Ruang Meeting Rasamala,1,2017-01-19 09:57:22,2017-01-19 09:57:22
